Item,Qty,Category,ADHD Brain Benefit,Meal Ideas
Tesco Lightly Salted Rice Cakes 130g,2,Snacks,"Low-friction, shelf-stable crunch. High dopamine when paired with peanut butter.",Spread with peanut butter and top with banana slices.
Tesco Frozen Broccoli Florets 900g,1,Vegetables,"No-rot, zero prep. Microwave a few pieces anytime without waste.",Microwave 2 mins and mix into cheesy rice or baked potatoes.
Growers Harvest Microwave Wholegrain Rice 250g,4,Carbs,"Complex carb, 2-min prep. Steady brain energy, no sugar crashes.","Mix with a tin of tuna, cheese, and a handful of broccoli."
Grower's Harvest Peach Slices in Light Syrup 411g,4,Fruit (Long life),"Pre-sliced, shelf-stable sweetness. Zero knife work or chopping.",Topping for chocolate porridge or Greek yogurt.
Tesco Large Baking Potatoes Loose,8,Carbs,Microwave-friendly complex carb. Extremely low effort comfort food.,Jacket potato filled with baked beans and mature cheddar cheese.
Tesco British Whole Milk 4 Pints,3,Dairy,Healthy fats for brain protection. Freezer-friendly for porridge.,"Base for creamy porridge, hot chocolate, or drinking plain."
Tesco Tuna Chunks In Brine 4 X 145g,2,Protein,High protein + Omega-3 fatty acids for neuron health. Instant prep.,Tuna crunch rice cakes or mixed into warm microwave wholegrain rice.
Tesco Drinking Chocolate 400g,1,Flavour/Pantry,Dopamine hit. Great for adding high-novelty flavors to breakfasts.,Stir 1 tbsp into morning porridge to make Chocolate Peanut Butter Oats.
Tesco Scottish Oats Porridge 2kg,1,Carbs,Bulk slow-release fuel. Keeps concentration levels stable for hours.,Chocolate banana porridge with walnuts and seeds.
Tesco Medium Free Range Eggs 12 Pack,1,Protein,Complete protein with choline for neurotransmitter production.,Scrambled eggs on wholemeal toast or hard-boiled batch snacks.
Tesco Wholemeal Medium Sliced Bread 800g,2,Carbs,High fiber complex carb. Freezer-friendly so it never spoils.,Beans on toast or toast topped with peanut butter and banana.
Tesco Mature Cheddar 700g,1,Dairy/Protein,"High protein, zero-cook fat boost. Melts quickly for ultimate comfort.","Grated over baked beans and rice, or sliced onto toast."
Tesco Greek Style Natural Yogurt 1kg,1,Dairy/Protein,Gut-brain axis health. Zero preparation required.,"Mix with a spoonful of peanut butter, seeds, and peach slices."
Tesco Smooth 100% Peanut Butter 340g,2,Protein/Fats,No-cook dopamine fuel. Rich in healthy proteins and stable fats.,"Spoonful on rice cakes, inside porridge, or spread on toast."
Tesco Chia Seeds 100g,1,Seeds/Fats,Massive dose of Omega-3s and fiber to help focus.,"Sprinkle over porridge, yogurt, or peanut butter toast."
Tesco Walnut Halves 250g,1,Nuts/Fats,Brain-shaped fats directly linked to improved cognitive function.,Grab a handful as a zero-prep brain snack or crush over porridge.
Tesco Baked Beans In Tomato Sauce 4X420g,2,Protein/Carbs,90-second hot meal. High protein and high fiber.,Classic beans on toast or stuffed into a microwaved jacket potato.
Tesco Sesame Seeds 100g,1,Seeds/Fats,Crunchy texturing providing micronutrients for nervous system.,Topping for peanut butter toast or salads/rice.
Tesco Sunflower Seeds 300g,1,Seeds/Fats,Zinc and Magnesium rich to help with sleep and focus regulation.,Mix into morning porridge or handful snack with walnuts.
Tesco Ripen At Home Bananas 5 Pack,1,Fruit,Vitamin B6 helps build dopamine. Easy zero-wash grab fruit.,Slice over chocolate porridge or eat on the go.
Tesco Bananas Loose,7,Fruit,"Immediate energy boost, easy handling, zero preparation anxiety.",Snack on directly or mash into porridge oats before cooking.